Workbook

Sheet Business_Context
A1: Business Context:
A2: A professional services company operating in New Zealand wants to analyse workforce
A3: productivity and burnout risk using employee time | B3: allocation data.
A5: Objective:
B6: Identify roles with high burnout risk
B7: Understand relationship between work hours, rest, and productivity
B8: Support management decisions using Excel | C8: based analysis

Sheet Raw_Data
A1: Employee_ID | B1: Role | C1: Work_Hours_Per_Day | D1: Commute_Hours_Per_Day | E1: Sleep_Hours_Per_Day | F1: Leisure_Hours_Per_Day | G1: Productivity_Score
A2: E001 | B2: Data Analyst | C2: 8 | D2: 1 | E2: 7 | F2: 4 | G2: 7
A3: E002 | B3: Business Analyst | C3: 9 | D3: 1.5 | E3: 6.5 | F3: 3 | G3: 8
A4: E003 | B4: Software Engineer | C4: 10 | D4: 2 | E4: 6 | F4: 2 | G4: 9
A5: E004 | B5: Consultant | C5: 9.5 | D5: 1 | E5: 6 | F5: 2.5 | G5: 8
A6: E005 | B6: Operations Executive | C6: 8 | D6: 0.5 | E6: 7 | F6: 4 | G6: 6
A7: E006 | B7: Data Analyst | C7: 7 | D7: 2 | E7: 6.5 | F7: 3.5 | G7: 6
A8: E007 | B8: Business Analyst | C8: 8 | D8: 0.5 | E8: 7 | F8: 4 | G8: 8.5
A9: E008 | B9: Software Engineer | C9: 9 | D9: 3 | E9: 6.5 | F9: 2.5 | G9: 8.5
A10: E009 | B10: Consultant | C10: 9 | D10: 0.5 | E10: 7 | F10: 2.5 | G10: 7.5
A11: E010 | B11: Operations Executive | C11: 7.5 | D11: 1 | E11: 7.5 | F11: 3 | G11: 7.5
A12: E011 | B12: Data Analyst | C12: 7 | D12: 0.5 | E12: 8 | F12: 4.5 | G12: 7
A13: E012 | B13: Business Analyst | C13: 6 | D13: 1.5 | E13: 8 | F13: 5 | G13: 8.5
... A26: E025 | B26: Operations Executive | C26: 8 | D26: 0.5 | E26: 7 | F26: 4 | G26: 6

Sheet Calculations
A1: Emplyee_ID | B1: Role | C1: Total _Worload_Hours | D1: Rest_Hours | E1: Burnout_Risk_Index | F1: Work_Life_Ratio | G1: Productivity_Score
A2: =Raw_Data!A2 -> E001 | B2: =Raw_Data!B2 -> Data Analyst | C2: =Raw_Data!C2+ Raw_Data!D2 -> 9 | D2: =Raw_Data!E2+ Raw_Data!F2 -> 11 | E2: =C2/D2 -> 0.81818182 | F2: =Raw_Data!C2/Raw_Data!E2 -> 1.1428571 | G2: =Raw_Data!G2 -> 7
A3: =Raw_Data!A3 -> E002 | B3: =Raw_Data!B3 -> Business Analyst | C3: =Raw_Data!C3+ Raw_Data!D3 -> 10.5 | D3: =Raw_Data!E3+ Raw_Data!F3 -> 9.5 | E3: =C3/D3 -> 1.1052632 | F3: =Raw_Data!C3/Raw_Data!E3 -> 1.3846154 | G3: =Raw_Data!G3 -> 8
A4: =Raw_Data!A4 -> E003 | B4: =Raw_Data!B4 -> Software Engineer | C4: =Raw_Data!C4+ Raw_Data!D4 -> 12 | D4: =Raw_Data!E4+ Raw_Data!F4 -> 8 | E4: =C4/D4 -> 1.5 | F4: =Raw_Data!C4/Raw_Data!E4 -> 1.6666667 | G4: =Raw_Data!G4 -> 9
A5: =Raw_Data!A5 -> E004 | B5: =Raw_Data!B5 -> Consultant | C5: =Raw_Data!C5+ Raw_Data!D5 -> 10.5 | D5: =Raw_Data!E5+ Raw_Data!F5 -> 8.5 | E5: =C5/D5 -> 1.2352941 | F5: =Raw_Data!C5/Raw_Data!E5 -> 1.5833333 | G5: =Raw_Data!G5 -> 8
A6: =Raw_Data!A6 -> E005 | B6: =Raw_Data!B6 -> Operations Executive | C6: =Raw_Data!C6+ Raw_Data!D6 -> 8.5 | D6: =Raw_Data!E6+ Raw_Data!F6 -> 11 | E6: =C6/D6 -> 0.77272727 | F6: =Raw_Data!C6/Raw_Data!E6 -> 1.1428571 | G6: =Raw_Data!G6 -> 6
A7: =Raw_Data!A7 -> E006 | B7: =Raw_Data!B7 -> Data Analyst | C7: =Raw_Data!C7+ Raw_Data!D7 -> 9 | D7: =Raw_Data!E7+ Raw_Data!F7 -> 10 | E7: =C7/D7 -> 0.9 | F7: =Raw_Data!C7/Raw_Data!E7 -> 1.0769231 | G7: =Raw_Data!G7 -> 6
A8: =Raw_Data!A8 -> E007 | B8: =Raw_Data!B8 -> Business Analyst | C8: =Raw_Data!C8+ Raw_Data!D8 -> 8.5 | D8: =Raw_Data!E8+ Raw_Data!F8 -> 11 | E8: =C8/D8 -> 0.77272727 | F8: =Raw_Data!C8/Raw_Data!E8 -> 1.1428571 | G8: =Raw_Data!G8 -> 8.5
A9: =Raw_Data!A9 -> E008 | B9: =Raw_Data!B9 -> Software Engineer | C9: =Raw_Data!C9+ Raw_Data!D9 -> 12 | D9: =Raw_Data!E9+ Raw_Data!F9 -> 9 | E9: =C9/D9 -> 1.3333333 | F9: =Raw_Data!C9/Raw_Data!E9 -> 1.3846154 | G9: =Raw_Data!G9 -> 8.5
A10: =Raw_Data!A10 -> E009 | B10: =Raw_Data!B10 -> Consultant | C10: =Raw_Data!C10+ Raw_Data!D10 -> 9.5 | D10: =Raw_Data!E10+ Raw_Data!F10 -> 9.5 | E10: =C10/D10 -> 1 | F10: =Raw_Data!C10/Raw_Data!E10 -> 1.2857143 | G10: =Raw_Data!G10 -> 7.5
A11: =Raw_Data!A11 -> E010 | B11: =Raw_Data!B11 -> Operations Executive | C11: =Raw_Data!C11+ Raw_Data!D11 -> 8.5 | D11: =Raw_Data!E11+ Raw_Data!F11 -> 10.5 | E11: =C11/D11 -> 0.80952381 | F11: =Raw_Data!C11/Raw_Data!E11 -> 1 | G11: =Raw_Data!G11 -> 7.5
A12: =Raw_Data!A12 -> E011 | B12: =Raw_Data!B12 -> Data Analyst | C12: =Raw_Data!C12+ Raw_Data!D12 -> 7.5 | D12: =Raw_Data!E12+ Raw_Data!F12 -> 12.5 | E12: =C12/D12 -> 0.6 | F12: =Raw_Data!C12/Raw_Data!E12 -> 0.875 | G12: =Raw_Data!G12 -> 7
A13: =Raw_Data!A13 -> E012 | B13: =Raw_Data!B13 -> Business Analyst | C13: =Raw_Data!C13+ Raw_Data!D13 -> 7.5 | D13: =Raw_Data!E13+ Raw_Data!F13 -> 13 | E13: =C13/D13 -> 0.57692308 | F13: =Raw_Data!C13/Raw_Data!E13 -> 0.75 | G13: =Raw_Data!G13 -> 8.5
... A26: =Raw_Data!A26 -> E025 | B26: =Raw_Data!B26 -> Operations Executive | C26: =Raw_Data!C26+ Raw_Data!D26 -> 8.5 | D26: =Raw_Data!E26+ Raw_Data!F26 -> 11 | E26: =C26/D26 -> 0.77272727 | F26: =Raw_Data!C26/Raw_Data!E26 -> 1.1428571 | G26: =Raw_Data!G26 -> 6

Sheet Analysis_Pivots
A4: Row Labels | B4: Average Burnout Risk | C4: Average Productivity
A5: Business Analyst | B5: 0.93308796 | C5: 8.2
A6: Consultant | B6: 1.1551821 | C6: 7.6
A7: Data Analyst | B7: 0.79090909 | C7: 6.9
A8: Operations Executive | B8: 0.83463203 | C8: 6.7
A9: Software Engineer | B9: 1.4 | C9: 8
A10: Grand Total | B10: 1.0227622 | C10: 7.48

Sheet Dashboard
A1: Workforce Productivity & Burnout Risk Dashboard
B3: Average Burnout Risk | E3: Average Productivity Score | H3: Average Daily Workload (hrs)
B4: =AVERAGE(Calculations!E:E) -> 1.0227622 | E4: =AVERAGE(Calculations!G:G) -> 7.48 | H4: =AVERAGE(Calculations!C:C) -> 9.9

Sheet Insights
A1: Key Insights and Business Implications
A3: 1. Software Engineers show the highest average burnout risk while also maintaining high productivity, indicating potential long | B3: term sustainability concerns.
A5: 2. Consultants and Business Analysts display moderate burnout risk with relatively strong productivity, suggesting balanced but demanding workloads.
A7: 3. Data Analysts have comparatively lower burnout risk, which may be linked to more stable work hours and better rest patterns.
A9: 4. Increased commute hours contribute to higher burnout risk without a proportional increase in productivity.
A11: 5. Overall results suggest that productivity gains achieved through longer work hours may not be sustainable without adequate rest and recovery.
A15: Business Recommendation:
A16: Management should explore workload optimisation strategies such as flexible hours or reduced commute burden to maintain productivity while reducing burnout risk.
